---------------------------------------------DEPOSIT TABLE-----------------------------------
CREATE TABLE DEPOSIT 
(
     ACTNO VARCHAR2(5),
     CNAME VARCHAR2(18), 
     BNAME VARCHAR2(18), 
     AMOUNT NUMBER (8,2), 
     ADATE DATE
);
INSERT INTO DEPOSIT VALUES('100','ANIL','VRCE',1000.00,'1-MAR-95');
INSERT INTO DEPOSIT VALUES('101','SUNIL','AJNI',5000.00,'4-JAN-96');
INSERT INTO DEPOSIT VALUES('102','MEHUL','KAROLBAGH',3500.00,'17-NOV-95');
INSERT INTO DEPOSIT VALUES('104','MADHURI','CHANDI',1200.00,'17-DEC-95');
INSERT INTO DEPOSIT VALUES('105','PRMOD','M.G.ROAD',3000.00,'27-MAR-96');
INSERT INTO DEPOSIT VALUES('106','SANDIP','ANDHERI',2000.00,'31-MAR-96');
INSERT INTO DEPOSIT VALUES('107','SHIVANI','VIRAR',1000.00,'5-SEP-95');
INSERT INTO DEPOSIT VALUES('108','KRANTI','NEHRU PLACE',5000.00,'2-JUL-95');
INSERT INTO DEPOSIT VALUES('109','MINU','POWAI',7000.00,'10-AUG-95');

SELECT * FROM DEPOSIT;

---------------------------------------------BRANCH TABLE-----------------------------------
CREATE TABLE BRANCH 
(
    BNAME VARCHAR2(18), 
    CITY VARCHAR2(18)
);

INSERT INTO BRANCH VALUES('VRCE','NAGPUR');
INSERT INTO BRANCH VALUES('AJNI','NAGPUR');
INSERT INTO BRANCH VALUES('KAROLBAGH','DELHI');
INSERT INTO BRANCH VALUES('CHANDI','DELHI');
INSERT INTO BRANCH VALUES('DHARAMPETH','NAGPUR');
INSERT INTO BRANCH VALUES('M.G.ROAD','BANGLORE');
INSERT INTO BRANCH VALUES('ANDHERI','BOMBAY');
INSERT INTO BRANCH VALUES('VIRAR','BOMBAY');
INSERT INTO BRANCH VALUES('NEHRU PLACE','DELHI');
INSERT INTO BRANCH  VALUES('POWAI','BOMBAY');

SELECT * FROM BRANCH;

---------------------------------------------CUSTOMERS TABLE-----------------------------------
CREATE TABLE CUSTOMERS 
(
    CNAME VARCHAR2(19), 
    CITY VARCHAR2(18)
);
INSERT INTO CUSTOMERS VALUES('ANIL','CALCUTTA');
INSERT INTO CUSTOMERS VALUES('SUNIL','DELHI');
INSERT INTO CUSTOMERS VALUES('MEHUL','BARODA');
INSERT INTO CUSTOMERS VALUES('MANDAR','PATNA');
INSERT INTO CUSTOMERS VALUES('MADHURI','NAGPUR');
INSERT INTO CUSTOMERS VALUES('PRAMOD','NAGPUR');
INSERT INTO CUSTOMERS VALUES('SANDIP','SURAT');
INSERT INTO CUSTOMERS VALUES('SHIVANI','BOMBAY');
INSERT INTO CUSTOMERS VALUES('KRANTI','BOMBAY');
INSERT INTO CUSTOMERS VALUES('NAREN','BOMBAY');

SELECT * FROM CUSTOMERS;

---------------------------------------------BORROW TABLE-------------------------------------
CREATE TABLE BORROW 
(
    LOANNO VARCHAR2(5), 
    CNAME VARCHAR2(18), 
    BNAME VARCHAR2(18),
    AMOUNT NUMBER (8,2)
);

INSERT INTO BORROW VALUES('201','ANIL','VRCE',1000.00);
INSERT INTO BORROW VALUES('206','MEHUL','AJNI',5000.00);
INSERT INTO BORROW VALUES('311','SUNIL','DHARAMPETH',3000.00);
INSERT INTO BORROW VALUES('321','MADHURI','ANDHERI',2000.00);
INSERT INTO BORROW VALUES('375','PRMOD','VIRAR',8000.00);
INSERT INTO BORROW VALUES('481','KRANTI','NEHRU PLACE',3000.00);

SELECT * FROM BORROW;
---------------------------------------------EMPLOYEE TABLE-------------------------------------

CREATE TABLE EMPLOYEE
(
    emp_no NUMBER(3), 
    emp_name VARCHAR2(30), 
    emp_sal NUMBER(8,2), 
    emp_comm NUMBER(6,1), 
    dept_no NUMBER(3), 
    l_name VARCHAR2(30), 
    dept_name VARCHAR2(30), 
    job_id VARCHAR2(15), 
    location VARCHAR2(15),
    manager_id NUMBER(5), 
    hiredate Date
);

INSERT INTO EMPLOYEE VALUES(101,'Smith',800,NULL,20,'shah','machine learning','fi_mgr','toronto',105,'09-aug-96');
INSERT INTO EMPLOYEE VALUES(102,'Snehal',1600,300,25,'gupta','data science','lec','las vegas',NULL,'14-mar-96');
INSERT INTO EMPLOYEE VALUES(103,'Adama',1100,0,20,'wales','machine learning','mk_mgr','ontario',105,'30-nov-95');
INSERT INTO EMPLOYEE VALUES(104,'Aman',3000,NULL,15,'sharma','virtual reality','comp_op','mexico',12,'02-oct-97');
INSERT INTO EMPLOYEE VALUES(105,'Anita',5000,50000,10,'patel','big data analytics','comp_op','germany',107,'01-jan-98');
INSERT INTO EMPLOYEE VALUES(106,'Sneha',2450,24500,10,'joseph','big data analytics','fi_acc','melbourne',105,'26-sep-97');
INSERT INTO EMPLOYEE VALUES(107,'Anamika',2975,NULL,30,'jha','artificial intelligence','it_prog','new york',NULL,'15jul-97');
SELECT * FROM EMPLOYEE;
---------------------------------------------JOB TABLE-------------------------------------

CREATE TABLE JOB
(
    Job_id VARCHAR2(15),
    Job_title VARCHAR2(30),
    Min_sal NUMBER(7,2),
    Max_sal NUMBER(7,2)
);

INSERT INTO JOB VALUES('it_prog','Programmer',4000,10000);
INSERT INTO JOB VALUES('mk_mgr','Marketing manager',9000,15000);
INSERT INTO JOB VALUES('fi_mgr','Finance manager',8200,12000);
INSERT INTO JOB VALUES('fi_acc','Account',4200,9000);
INSERT INTO JOB VALUES('lec','Lecturer',6000,17000);
INSERT INTO JOB VALUES('comp_op','Computer Operator',1500,3000);
SELECT * FROM JOB;

--------------------------------------------Practical:-3------------------------------------------------------
1. SELECT SUM(AMOUNT) FROM DEPOSIT;
2. SELECT SUM(AMOUNT) FROM BORROW WHERE BNAME='KAROLBAGH';
3. SELECT MAX(AMOUNT) FROM BORROW WHERE BNAME='VRCE';
4. SELECT COUNT(CNAME) FROM CUSTOMERS;
5. SELECT COUNT(DISTINCT(CITY)) FROM CUSTOMERS;
6. CREATE TABLE SUPPLIER AS (SELECT * FROM EMPLOYEE);
7. CREATE TABLE SUP1 AS (SELECT emp_no,emp_name FROM EMPLOYEE);
8. CREATE TABLE SUP2 AS (SELECT * FROM EMPLOYEE WHERE emp_no IS NULL);
9. INSERT INTO SUP2 (SELECT * FROM EMPLOYEE WHERE EMP_NAME LIKE '_n___');
10. DELETE FROM SUP1;
11. DELETE FROM SUPPLIER WHERE emp_no='103';
    SELECT * FROM SUPPLIER;
12. ALTER TABLE SUP2 RENAME TO SUPPILER2;
    SELECT * FROM SUPPLIER2;
13. DROP TABLE SUP1;
14. UPDATE EMPLOYEE SET dept_no=10 WHERE emp_name LIKE '_m%';
    SELECT * FROM EMPLOYEE;
15. UPDATE EMPLOYEE SET emp_name='utsav' WHERE emp_no=103;
    SELECT * FROM EMPLOYEE;
16. ALTER TABLE EMPLOYEE ADD PHONE NUMBER(10);
    SELECT * FROM EMPLOYEE;
17. ALTER TABLE EMPLOYEE MODIFY emp_name VARCHAR2(30);
18. SELECT COUNT(DISTINCT(dept_no)) FROM EMPLOYEE WHERE emp_sal>1000;
19. SELECT * FROM EMPLOYEE ORDER BY emp_name ASC,emp_no DESC;
20. SELECT * FROM EMPLOYEE ORDER BY dept_no ASC,emp_comm DESC;
21. UPDATE EMPLOYEE SET emp_comm=500 WHERE dept_no=20;
    SELECT * FROM EMPLOYEE;
22. SELECT * FROM EMPLOYEE ORDER BY emp_comm ASC NULLS FIRST, emp_sal DESC; 
23. SELECT * FROM EMPLOYEE ORDER BY emp_comm ASC NULLS LAST,emp_no DESC;
